id,first_name,last_name,email,gender,ip_address
1,Haslett,Duggleby,hduggleby0@ibm.com,Male,62.65.29.47
2,Nikolaus,Bonds,nbonds1@soup.io,Male,236.99.71.191
3,Jemima,Angless,jangless2@state.tx.us,Female,192.100.92.134
4,Eric,Pridding,epridding3@senate.gov,Male,157.98.152.188
5,Moise,Liven,mliven4@wikimedia.org,Male,91.21.226.177
6,Bayard,Bottoner,bbottoner5@dyndns.org,Male,79.253.159.155
7,Germaine,Pinshon,gpinshon6@buzzfeed.com,Male,84.34.186.198
8,Corbie,Sodory,csodory7@rakuten.co.jp,Male,235.81.127.159
9,Betsy,Sayes,bsayes8@kickstarter.com,Female,104.237.242.18
10,Bil,Lahrs,blahrs9@flickr.com,Male,67.232.92.244
11,Hamil,Filipyev,hfilipyeva@trellian.com,Male,78.189.90.108
12,Kathleen,Fallanche,kfallancheb@ted.com,Female,76.101.95.213
13,Millicent,Stebbing,mstebbingc@angelfire.com,Female,148.164.139.20
14,Marillin,Lesslie,mlesslied@privacy.gov.au,Female,106.203.16.252
15,Leeann,MacCulloch,lmacculloche@example.com,Female,174.182.74.121
16,Leandra,Calrow,lcalrowf@taobao.com,Female,106.150.104.153
17,Ellen,Stilldale,estilldaleg@bizjournals.com,Female,253.145.74.252
18,Anne,Eastbury,aeastburyh@wordpress.org,Female,220.48.39.157
19,Darcee,Shave,dshavei@house.gov,Female,41.223.138.167
20,Mala,Gouch,mgouchj@reuters.com,Female,86.40.217.18
21,Herculie,Caslane,hcaslanek@godaddy.com,Male,202.233.142.160
22,Arnold,Gove,agovel@istockphoto.com,Male,85.81.237.192
23,Ellerey,Cloutt,eclouttm@scribd.com,Male,55.6.215.26
24,Nels,Brydell,nbrydelln@diigo.com,Male,85.64.109.248
25,Ado,Tremayne,atremayneo@bravesites.com,Male,77.51.232.10
26,Suzanna,Garley,sgarleyp@fema.gov,Female,60.246.152.145
27,Darcy,Gomersall,dgomersallq@storify.com,Male,67.157.44.63
28,Annamarie,Simukov,asimukovr@feedburner.com,Female,166.80.186.72
29,Martyn,Blaxill,mblaxills@bloglovin.com,Male,170.86.206.194
30,Tymon,Blamey,tblameyt@twitpic.com,Male,159.4.40.204
31,Isidora,Middle,imiddleu@wix.com,Female,207.233.129.173
32,Dukey,McKim,dmckimv@creativecommons.org,Male,12.47.67.209
33,Jase,Akeherst,jakeherstw@time.com,Male,113.180.20.237
34,Shannon,Linham,slinhamx@de.vu,Female,140.18.172.156
35,Hillary,Durling,hdurlingy@ebay.com,Female,239.124.26.202
36,Hewe,Haythornthwaite,hhaythornthwaitez@last.fm,Male,250.92.119.39
37,Ludvig,Regnard,lregnard10@parallels.com,Male,223.60.31.171
38,Marlin,Aynold,maynold11@va.gov,Male,55.15.215.220
39,Lurette,Hellyer,lhellyer12@jalbum.net,Female,76.99.6.186
40,Janna,Gookey,jgookey13@ning.com,Female,81.37.106.191
41,Sarene,Esposi,sesposi14@yellowpages.com,Female,124.156.165.110
42,Ryon,Seery,rseery15@bizjournals.com,Male,73.107.230.16
43,Hamish,Booy,hbooy16@1688.com,Male,122.75.243.46
44,Pollyanna,O'Gavin,pogavin17@google.com.hk,Female,230.227.110.218
45,Bobina,Oles,boles18@baidu.com,Female,113.138.248.37
46,Dolli,Oulner,doulner19@4shared.com,Female,43.5.72.68
47,Jammie,Baglin,jbaglin1a@chronoengine.com,Female,171.43.254.162
48,Mary,Feighney,mfeighney1b@abc.net.au,Female,175.220.247.80
49,Frazier,Lum,flum1c@amazon.co.uk,Male,238.181.158.255
50,Natalee,Parke,nparke1d@ow.ly,Female,165.77.230.238
51,Tammy,McQuode,tmcquode1e@google.com,Male,107.226.74.249
52,Garrard,Shingler,gshingler1f@icq.com,Male,69.79.16.177
53,Blinni,McGiven,bmcgiven1g@cocolog-nifty.com,Female,241.121.28.167
54,Gina,Glazyer,gglazyer1h@netlog.com,Female,224.235.197.128
55,Marlon,Aldins,maldins1i@newsvine.com,Male,8.145.242.145
56,Engelbert,Jagger,ejagger1j@boston.com,Male,244.34.229.121
57,Darcy,Bernet,dbernet1k@slate.com,Male,49.128.20.179
58,Bud,Gilder,bgilder1l@lycos.com,Male,163.36.186.194
59,Frederick,Wilmore,fwilmore1m@thetimes.co.uk,Male,229.238.156.64
60,Tammy,Garman,tgarman1n@cyberchimps.com,Female,10.80.241.156
61,Bernadina,Ostrich,bostrich1o@samsung.com,Female,36.47.207.60
62,Mercy,Licciardi,mlicciardi1p@wikia.com,Female,95.135.162.187
63,Tab,Sturgeon,tsturgeon1q@shop-pro.jp,Male,246.75.67.207
64,Rutledge,Cattini,rcattini1r@google.fr,Male,213.178.191.143
65,Sharyl,Brownsell,sbrownsell1s@gnu.org,Female,19.89.8.59
66,Brook,Priden,bpriden1t@miibeian.gov.cn,Female,115.45.231.233
67,Perry,Feore,pfeore1u@shareasale.com,Female,163.210.225.93
68,Philbert,Kaliszewski,pkaliszewski1v@desdev.cn,Male,202.186.88.136
69,Pat,Neem,pneem1w@blogspot.com,Female,119.52.93.89
70,Ruthann,Hessay,rhessay1x@va.gov,Female,216.12.226.97
71,Cristine,McCane,cmccane1y@4shared.com,Female,8.3.21.66
72,Tanney,Schlagman,tschlagman1z@amazon.co.jp,Male,179.166.76.18
73,Micah,Lornsen,mlornsen20@hubpages.com,Male,46.126.122.215
74,Dollie,Corsor,dcorsor21@auda.org.au,Female,178.100.187.114
75,Clemmy,Lello,clello22@unc.edu,Female,97.31.142.216
76,Haskel,Senten,hsenten23@hhs.gov,Male,117.74.145.49
77,Godwin,Delong,gdelong24@blogspot.com,Male,147.2.40.40
78,Augustina,Bowmer,abowmer25@google.nl,Female,251.87.169.45
79,Nathalia,Willock,nwillock26@bloglines.com,Female,163.156.218.201
80,Maryanne,Lindro,mlindro27@so-net.ne.jp,Female,245.84.153.21
81,Pauly,Robotham,probotham28@i2i.jp,Female,2.184.200.102
82,Barrett,Comusso,bcomusso29@techcrunch.com,Male,169.207.18.251
83,Nataline,Barratt,nbarratt2a@wufoo.com,Female,123.206.185.23
84,Ryley,Hancox,rhancox2b@webnode.com,Male,0.55.135.55
85,Sancho,Gerrard,sgerrard2c@cargocollective.com,Male,138.42.167.68
86,Brigitta,Ewen,bewen2d@scientificamerican.com,Female,58.225.74.172
87,Sherwin,Swannick,sswannick2e@csmonitor.com,Male,45.55.63.138
88,Grange,Treverton,gtreverton2f@marriott.com,Male,161.12.212.9
89,Kahaleel,Dutton,kdutton2g@independent.co.uk,Male,132.108.81.204
90,Kimberlyn,Kelleway,kkelleway2h@dion.ne.jp,Female,26.19.151.136
91,Myrwyn,Attenborough,mattenborough2i@alibaba.com,Male,162.245.72.47
92,Rosina,Sperski,rsperski2j@yellowpages.com,Female,33.29.96.151
93,Phil,Lomond,plomond2k@nsw.gov.au,Male,108.52.194.78
94,Tom,Franca,tfranca2l@yelp.com,Male,63.231.81.110
95,Odie,Chaperling,ochaperling2m@wikimedia.org,Male,151.212.69.81
96,Sonny,McCarney,smccarney2n@delicious.com,Male,57.221.247.47
97,Sharline,Henken,shenken2o@nyu.edu,Female,160.87.223.249
98,Esme,Halstead,ehalstead2p@eventbrite.com,Female,62.215.24.19
99,Brandie,Scally,bscally2q@twitter.com,Female,132.216.211.176
100,Rodi,Crotch,rcrotch2r@youtu.be,Female,187.197.79.73
101,Christin,Taree,ctaree2s@ebay.com,Female,238.224.11.81
102,Harland,Muggleton,hmuggleton2t@about.me,Male,245.15.157.6
103,Alfred,Chevalier,achevalier2u@fema.gov,Male,183.65.199.46
104,Thor,Lerohan,tlerohan2v@nih.gov,Male,220.95.2.183
105,Melisent,Stockings,mstockings2w@yale.edu,Female,54.136.199.168
106,Othelia,Klyner,oklyner2x@craigslist.org,Female,182.162.60.156
107,Roger,Sibery,rsibery2y@google.fr,Male,0.1.62.104
108,Harvey,Greenhowe,hgreenhowe2z@jimdo.com,Male,122.118.185.139
109,Gothart,Lyne,glyne30@cargocollective.com,Male,58.117.115.213
110,Rodd,Spreadbury,rspreadbury31@biglobe.ne.jp,Male,87.34.220.129
111,Tyrone,Dalrymple,tdalrymple32@multiply.com,Male,228.34.175.172
112,Read,Kingaby,rkingaby33@dyndns.org,Male,217.111.24.224
113,Armstrong,Cram,acram34@posterous.com,Male,23.166.33.35
114,Forbes,Lowthorpe,flowthorpe35@ycombinator.com,Male,168.171.57.19
115,Frasquito,Croll,fcroll36@whitehouse.gov,Male,247.81.73.40
116,Krystyna,Winny,kwinny37@jiathis.com,Female,87.175.183.233
117,Jojo,Charlotte,jcharlotte38@nationalgeographic.com,Female,61.191.86.136
118,Sallee,Cutchey,scutchey39@ebay.com,Female,254.30.249.98
119,Ardelis,Swale,aswale3a@hao123.com,Female,3.208.24.112
120,Giffy,Bowhay,gbowhay3b@nps.gov,Male,216.149.242.94
121,Chaim,Lathleiff,clathleiff3c@cyberchimps.com,Male,195.221.245.213
122,Ingeborg,Rugg,irugg3d@alexa.com,Female,153.215.206.85
123,Rebekah,Bearne,rbearne3e@yahoo.com,Female,84.180.106.205
124,Iago,Bownas,ibownas3f@npr.org,Male,195.76.105.90
125,Lyell,Chidlow,lchidlow3g@wisc.edu,Male,174.82.235.187
126,Rahel,Collison,rcollison3h@answers.com,Female,104.53.111.211
127,Elspeth,Meeny,emeeny3i@theglobeandmail.com,Female,193.23.19.24
128,Mac,Worton,mworton3j@chronoengine.com,Male,68.125.43.10
129,Audry,Gantzer,agantzer3k@umn.edu,Female,152.227.109.29
130,Elia,Mackro,emackro3l@e-recht24.de,Male,14.68.157.168
131,Gustie,Demougeot,gdemougeot3m@hexun.com,Female,247.190.133.230
132,Weber,Doncom,wdoncom3n@yahoo.co.jp,Male,70.70.134.184
133,Kari,Towey,ktowey3o@baidu.com,Female,199.135.218.32
134,Andree,Casper,acasper3p@goo.ne.jp,Female,75.206.221.29
135,Tabby,Domek,tdomek3q@youku.com,Female,100.194.246.80
136,Winny,O'Grady,wogrady3r@list-manage.com,Male,177.192.20.53
137,Adela,Kinnear,akinnear3s@twitter.com,Female,75.162.156.110
138,Alix,Gravey,agravey3t@jimdo.com,Male,134.17.162.238
139,Lorita,Pengelly,lpengelly3u@prweb.com,Female,250.123.191.211
140,Saundra,Stanyon,sstanyon3v@sfgate.com,Female,177.40.67.70
141,Berget,Shiril,bshiril3w@alibaba.com,Female,130.204.186.31
142,Kellen,Hallen,khallen3x@oaic.gov.au,Male,71.62.33.9
143,Bram,Fluin,bfluin3y@ocn.ne.jp,Male,198.135.96.225
144,Florrie,Benton,fbenton3z@xrea.com,Female,9.25.209.133
145,Turner,Sedgeworth,tsedgeworth40@tuttocitta.it,Male,40.50.62.3
146,Flossie,Ander,fander41@comcast.net,Female,222.55.135.75
147,Charity,Mowlam,cmowlam42@nyu.edu,Female,73.135.5.70
148,Ram,Rasch,rrasch43@google.cn,Male,102.23.157.210
149,Anjanette,Vasyagin,avasyagin44@slate.com,Female,142.116.165.100
150,Aubry,Rainford,arainford45@slashdot.org,Female,232.107.1.79
151,Carl,Hammatt,chammatt46@hugedomains.com,Male,134.76.111.128
152,Brig,Girt,bgirt47@friendfeed.com,Male,235.211.27.82
153,Jane,Jewis,jjewis48@discuz.net,Female,204.51.106.167
154,Alphard,Rainy,arainy49@apache.org,Male,58.238.159.29
155,Ezekiel,Le-Good,elegood4a@goodreads.com,Male,54.227.248.235
156,Danila,Nasi,dnasi4b@phpbb.com,Female,135.200.193.254
157,Edik,Cornelis,ecornelis4c@google.com.hk,Male,190.202.135.176
158,Konrad,Plunket,kplunket4d@yandex.ru,Male,145.166.221.174
159,Vere,Jeacop,vjeacop4e@gravatar.com,Female,35.87.73.4
160,Brinn,O'Noulane,bonoulane4f@google.fr,Female,251.201.100.202
161,Tobi,Pantlin,tpantlin4g@odnoklassniki.ru,Female,62.130.119.12
162,Earvin,Soro,esoro4h@gizmodo.com,Male,209.58.247.90
163,Wes,Ronnay,wronnay4i@360.cn,Male,106.177.142.241
164,Lyle,McGaughie,lmcgaughie4j@addtoany.com,Male,183.222.87.160
165,Yehudi,Corrin,ycorrin4k@edublogs.org,Male,12.233.243.175
166,Gerhardt,Greggs,ggreggs4l@xrea.com,Male,250.223.77.180
167,Piggy,Janik,pjanik4m@over-blog.com,Male,122.249.162.55
168,Tatiana,Boustred,tboustred4n@globo.com,Female,231.118.168.244
169,Zachary,Gianettini,zgianettini4o@ow.ly,Male,103.159.142.218
170,Trista,Winfrey,twinfrey4p@surveymonkey.com,Female,207.131.110.221
171,Adrianne,Thomke,athomke4q@mac.com,Female,55.104.101.168
172,Freeman,Ensor,fensor4r@bbc.co.uk,Male,150.16.133.133
173,Winnie,Burleigh,wburleigh4s@biglobe.ne.jp,Male,176.108.95.222
174,Brandyn,Etuck,betuck4t@moonfruit.com,Male,158.0.153.10
175,Desi,Forder,dforder4u@google.nl,Male,83.204.192.227
176,Rowe,Ginman,rginman4v@hibu.com,Female,26.40.182.72
177,Llewellyn,Tommaseo,ltommaseo4w@over-blog.com,Male,109.205.197.27
178,Korrie,McCreadie,kmccreadie4x@theglobeandmail.com,Female,183.26.67.122
179,Nobe,Maffia,nmaffia4y@4shared.com,Male,17.245.16.164
180,Sharline,Thunderman,sthunderman4z@bloglines.com,Female,255.171.57.10
181,Kaye,Svanini,ksvanini50@nifty.com,Female,92.54.14.69
182,Kacie,Grievson,kgrievson51@hexun.com,Female,215.144.185.210
183,Lexine,Peevor,lpeevor52@reference.com,Female,122.37.173.79
184,Niki,Kellard,nkellard53@w3.org,Female,42.44.235.24
185,Trev,Brunner,tbrunner54@slashdot.org,Male,47.31.131.42
186,Andrus,Roycroft,aroycroft55@washington.edu,Male,162.88.246.38
187,Brenden,Keslake,bkeslake56@newsvine.com,Male,165.179.117.169
188,Cheryl,Fawcus,cfawcus57@over-blog.com,Female,212.79.137.140
189,Flory,Blundin,fblundin58@wikimedia.org,Female,207.240.88.35
190,Petronella,Simko,psimko59@xrea.com,Female,154.37.75.62
191,Byrann,Samter,bsamter5a@eventbrite.com,Male,56.229.243.10
192,Northrup,Neat,nneat5b@liveinternet.ru,Male,211.89.237.172
193,Fritz,Fireman,ffireman5c@macromedia.com,Male,177.69.171.75
194,Quintilla,Bysshe,qbysshe5d@webnode.com,Female,27.131.95.139
195,Tracy,Blackburn,tblackburn5e@alexa.com,Female,244.90.179.86
196,Marilin,Landsberg,mlandsberg5f@tmall.com,Female,171.208.68.205
197,Romola,Bleackly,rbleackly5g@cbc.ca,Female,141.186.14.227
198,Sonny,Samms,ssamms5h@networkadvertising.org,Male,122.133.32.0
199,Porty,Finders,pfinders5i@over-blog.com,Male,117.30.210.5
200,Mag,Schermick,mschermick5j@e-recht24.de,Female,55.116.152.8
201,Kipp,Lotwich,klotwich5k@ezinearticles.com,Male,114.164.152.6
202,Jacquenetta,Boerderman,jboerderman5l@kickstarter.com,Female,189.185.1.206
203,Aggy,Fleischer,afleischer5m@wikimedia.org,Female,155.232.91.254
204,Constantino,Fredy,cfredy5n@edublogs.org,Male,126.145.73.55
205,Stormy,Kitchingham,skitchingham5o@mac.com,Female,0.47.0.182
206,Ives,Skerm,iskerm5p@virginia.edu,Male,75.235.70.179
207,Homerus,Alliberton,halliberton5q@icq.com,Male,203.151.81.111
208,Robers,Suggey,rsuggey5r@pcworld.com,Male,220.188.103.106
209,Latrina,Greguoli,lgreguoli5s@vistaprint.com,Female,71.225.125.77
210,Giustina,Phillip,gphillip5t@123-reg.co.uk,Female,155.204.115.152
211,Sheela,McCoughan,smccoughan5u@google.cn,Female,102.245.181.86
212,Austin,Shave,ashave5v@utexas.edu,Female,47.248.214.128
213,Lazaro,Shea,lshea5w@bloglines.com,Male,64.112.193.181
214,Avivah,Odda,aodda5x@newsvine.com,Female,105.21.244.252
215,Lorenzo,Afield,lafield5y@tinypic.com,Male,108.170.183.115
216,Dudley,Veevers,dveevers5z@t-online.de,Male,103.212.183.188
217,Camel,Kikke,ckikke60@sitemeter.com,Female,43.190.34.189
218,Pia,Romero,promero61@edublogs.org,Female,24.207.84.61
219,Terry,Wybern,twybern62@mit.edu,Male,9.84.167.174
220,Madella,Pien,mpien63@nature.com,Female,229.94.175.169
221,Edvard,Burkett,eburkett64@instagram.com,Male,136.193.182.253
222,Malachi,Kivelle,mkivelle65@sakura.ne.jp,Male,222.249.128.77
223,Tana,Tyrer,ttyrer66@com.com,Female,68.234.35.73
224,Joanna,Stigell,jstigell67@usa.gov,Female,24.4.65.25
225,Salomon,Madelin,smadelin68@jigsy.com,Male,176.28.239.189
226,Mahmud,Wadly,mwadly69@imageshack.us,Male,177.53.228.3
227,Kiley,Otley,kotley6a@feedburner.com,Male,124.155.169.227
228,Clarissa,O' Ronan,coronan6b@so-net.ne.jp,Female,168.87.209.46
229,Giacobo,Grcic,ggrcic6c@mapy.cz,Male,165.165.128.217
230,Gerhard,Hatfull,ghatfull6d@soup.io,Male,56.153.133.221
231,Fernanda,Cornall,fcornall6e@homestead.com,Female,35.65.49.96
232,Roddy,Bare,rbare6f@canalblog.com,Male,101.68.174.181
233,Norby,Lynes,nlynes6g@163.com,Male,199.207.117.248
234,Hilde,Altofts,haltofts6h@redcross.org,Female,58.240.54.197
235,Patrick,MacAleese,pmacaleese6i@acquirethisname.com,Male,251.123.219.91
236,Terrel,Bingley,tbingley6j@cdbaby.com,Male,55.190.245.191
237,Will,De Roberto,wderoberto6k@flavors.me,Male,228.56.37.8
238,Stace,Fine,sfine6l@census.gov,Female,13.43.19.60
239,Cal,McLaughlin,cmclaughlin6m@mac.com,Male,171.143.213.220
240,Wash,Ceschi,wceschi6n@furl.net,Male,150.177.185.97
241,Alejandrina,Ballance,aballance6o@hhs.gov,Female,44.169.69.188
242,Benjamen,Ough,bough6p@virginia.edu,Male,222.111.244.180
243,Hunter,Beloe,hbeloe6q@sakura.ne.jp,Male,134.241.177.157
244,Luise,Cassedy,lcassedy6r@cdbaby.com,Female,220.152.175.236
245,Marmaduke,Denson,mdenson6s@state.gov,Male,17.231.244.57
246,Vail,Plaunch,vplaunch6t@yahoo.com,Male,125.215.124.242
247,Ashlan,Stooke,astooke6u@biblegateway.com,Female,238.187.114.198
248,Cross,Wisden,cwisden6v@wikipedia.org,Male,126.31.40.122
249,Vanni,Croxton,vcroxton6w@nytimes.com,Female,115.193.0.253
250,Cathie,Beddin,cbeddin6x@e-recht24.de,Female,35.44.161.242
251,Dalli,Brooksbank,dbrooksbank6y@infoseek.co.jp,Male,210.1.13.27
252,Erma,Agutter,eagutter6z@godaddy.com,Female,20.14.53.50
253,Jolie,Swatman,jswatman70@hc360.com,Female,234.65.176.234
254,Kelby,Suckling,ksuckling71@diigo.com,Male,229.255.121.107
255,Marley,Mackie,mmackie72@webeden.co.uk,Female,192.88.43.35
256,Ellwood,Osbourn,eosbourn73@t.co,Male,188.223.178.245
257,Rusty,Ferenczi,rferenczi74@comsenz.com,Male,203.138.155.135
258,Andrew,Lamey,alamey75@cnn.com,Male,14.247.66.12
259,Judy,Pavolini,jpavolini76@microsoft.com,Female,68.196.111.217
260,Richard,Wimbury,rwimbury77@shop-pro.jp,Male,228.7.55.203
261,Bobina,Duddin,bduddin78@google.es,Female,204.142.138.79
262,Yorgos,Yeabsley,yyeabsley79@hao123.com,Male,210.22.7.141
263,Abbe,McNulty,amcnulty7a@drupal.org,Male,85.164.91.62
264,Weidar,Faragher,wfaragher7b@sciencedaily.com,Male,167.231.195.255
265,Beltran,Maddaford,bmaddaford7c@webmd.com,Male,50.130.248.46
266,Diann,Sherrock,dsherrock7d@who.int,Female,147.185.10.136
267,Drud,Newey,dnewey7e@telegraph.co.uk,Male,99.76.251.20
268,Alf,Malmar,amalmar7f@fc2.com,Male,194.131.116.86
269,Kare,Syncke,ksyncke7g@e-recht24.de,Female,19.208.41.192
270,Tiphani,Farrants,tfarrants7h@cdc.gov,Female,2.67.92.131
271,Booth,Sowthcote,bsowthcote7i@plala.or.jp,Male,78.208.230.72
272,Estele,De Castri,edecastri7j@ed.gov,Female,249.196.41.252
273,Ray,Wellbelove,rwellbelove7k@so-net.ne.jp,Male,242.231.171.90
274,Case,Gookey,cgookey7l@163.com,Male,127.180.215.15
275,Web,Biers,wbiers7m@webs.com,Male,120.81.246.222
276,Anastassia,Margarson,amargarson7n@aol.com,Female,180.253.74.187
277,Faythe,Chamney,fchamney7o@instagram.com,Female,46.221.225.204
278,Bennie,Naul,bnaul7p@msn.com,Male,171.65.40.159
279,Mandy,Pendleberry,mpendleberry7q@phoca.cz,Female,136.125.144.172
280,Pennie,Bindin,pbindin7r@ehow.com,Female,121.142.68.155
281,Eric,Stachini,estachini7s@behance.net,Male,96.63.180.105
282,Salomo,Dudley,sdudley7t@e-recht24.de,Male,62.203.149.141
283,Mimi,Blower,mblower7u@cbsnews.com,Female,227.186.149.196
284,Lorenzo,Minci,lminci7v@comsenz.com,Male,63.52.0.169
285,Ker,Drohan,kdrohan7w@macromedia.com,Male,152.151.109.40
286,Lorena,Cristofalo,lcristofalo7x@si.edu,Female,136.149.79.128
287,Jourdain,Lambrick,jlambrick7y@istockphoto.com,Male,108.201.165.129
288,Mora,Kayes,mkayes7z@digg.com,Female,38.227.15.235
289,Arney,Staddon,astaddon80@moonfruit.com,Male,89.109.244.7
290,Nelia,Tolfrey,ntolfrey81@latimes.com,Female,203.251.101.92
291,Alanah,Thibodeaux,athibodeaux82@canalblog.com,Female,108.196.121.23
292,Karel,Freckelton,kfreckelton83@msn.com,Female,7.222.1.179
293,Jerrylee,Choules,jchoules84@patch.com,Female,147.154.215.108
294,Myrna,Meeus,mmeeus85@hibu.com,Female,242.134.177.48
295,Kissiah,Rain,krain86@gmpg.org,Female,100.205.202.71
296,Denni,Dahlberg,ddahlberg87@redcross.org,Female,174.49.168.124
297,Aindrea,Bachura,abachura88@youtube.com,Female,143.48.230.238
298,Hailey,Jumel,hjumel89@macromedia.com,Male,187.179.50.99
299,Jacquelin,O'Cuddie,jocuddie8a@diigo.com,Female,228.67.0.169
300,Greg,Mundell,gmundell8b@about.com,Male,125.78.171.148
301,Garrard,Basini-Gazzi,gbasinigazzi8c@tmall.com,Male,218.115.128.231
302,Juliane,Witheridge,jwitheridge8d@phpbb.com,Female,226.8.65.183
303,Sharla,Radleigh,sradleigh8e@sourceforge.net,Female,166.183.69.104
304,Angus,Dunphy,adunphy8f@hud.gov,Male,242.215.87.14
305,Putnem,Iddy,piddy8g@blogspot.com,Male,151.174.235.255
306,Felizio,Virgoe,fvirgoe8h@bing.com,Male,222.54.159.197
307,Joscelin,Burburough,jburburough8i@bing.com,Female,139.235.110.64
308,Vanny,Acutt,vacutt8j@vistaprint.com,Female,234.187.15.34
309,Helaine,Pickavance,hpickavance8k@networkadvertising.org,Female,233.50.245.16
310,Sophie,Annion,sannion8l@webeden.co.uk,Female,207.244.22.19
311,Hertha,Ible,hible8m@joomla.org,Female,127.153.196.125
312,Martyn,Orringe,morringe8n@tinyurl.com,Male,108.237.127.30
313,Josselyn,Whitmore,jwhitmore8o@t.co,Female,145.117.247.145
314,Courtney,Playle,cplayle8p@goodreads.com,Male,129.156.1.161
315,Burty,Akid,bakid8q@cocolog-nifty.com,Male,204.153.186.25
316,Brenna,Eivers,beivers8r@spotify.com,Female,141.47.209.30
317,Bartolemo,Lazenby,blazenby8s@house.gov,Male,14.38.20.12
318,Dannel,Youthead,dyouthead8t@histats.com,Male,51.234.231.52
319,Chester,Temperley,ctemperley8u@dell.com,Male,47.66.59.190
320,Damien,Roscrigg,droscrigg8v@phoca.cz,Male,147.169.125.209
321,Malynda,Diggens,mdiggens8w@comsenz.com,Female,97.31.15.141
322,Ricki,Boyes,rboyes8x@mtv.com,Male,207.46.163.65
323,Georges,Matkovic,gmatkovic8y@army.mil,Male,161.40.22.88
324,Edna,Turton,eturton8z@symantec.com,Female,88.107.158.39
325,Clemmy,Grouer,cgrouer90@state.tx.us,Female,219.130.191.5
326,Lauritz,Leirmonth,lleirmonth91@cam.ac.uk,Male,164.107.21.255
327,Eddie,Costy,ecosty92@meetup.com,Male,135.133.113.130
328,Penni,Channing,pchanning93@opera.com,Female,250.211.71.107
329,Laney,Flarity,lflarity94@slashdot.org,Female,83.156.126.56
330,Herve,Teodorski,hteodorski95@army.mil,Male,213.157.21.103
331,Ulrikaumeko,Celle,ucelle96@topsy.com,Female,214.236.220.131
332,Tore,Kettlestringe,tkettlestringe97@cargocollective.com,Male,237.62.100.137
333,Etta,Longden,elongden98@google.pl,Female,221.25.96.181
334,Rawley,Leman,rleman99@hp.com,Male,112.165.156.17
335,Vincents,De la Yglesia,vdelayglesia9a@furl.net,Male,203.109.14.104
336,Allayne,Danielou,adanielou9b@foxnews.com,Male,161.28.100.243
337,Rosana,Merrin,rmerrin9c@ft.com,Female,125.65.228.19
338,Elisabetta,Eckersley,eeckersley9d@weebly.com,Female,39.191.41.155
339,Hilarius,Glazyer,hglazyer9e@hhs.gov,Male,18.238.230.17
340,Maxie,Kabos,mkabos9f@salon.com,Female,75.194.21.24
341,Lee,Danielsen,ldanielsen9g@uol.com.br,Male,221.171.139.162
342,Griselda,Heugel,gheugel9h@abc.net.au,Female,73.234.87.170
343,Alexandrina,Harvison,aharvison9i@last.fm,Female,86.18.237.123
344,Pammy,Dabes,pdabes9j@tiny.cc,Female,238.30.40.19
345,King,Gyngyll,kgyngyll9k@alibaba.com,Male,240.140.187.55
346,Costa,Cowperthwaite,ccowperthwaite9l@de.vu,Male,5.189.98.61
347,Trista,Proughten,tproughten9m@google.com.au,Female,137.57.232.168
348,Dallas,Rickarsey,drickarsey9n@mayoclinic.com,Female,16.78.195.189
349,Joell,Whiteland,jwhiteland9o@freewebs.com,Female,39.126.159.166
350,Derrick,Vanichkin,dvanichkin9p@netlog.com,Male,243.194.97.187
351,Yves,Cadwaladr,ycadwaladr9q@lulu.com,Male,129.14.92.226
352,Natka,Iacobetto,niacobetto9r@squarespace.com,Female,118.22.0.245
353,Lolita,Ioan,lioan9s@zdnet.com,Female,231.107.150.243
354,Ailey,Cleland,acleland9t@yandex.ru,Female,61.226.2.3
355,Caroljean,Bangiard,cbangiard9u@qq.com,Female,150.223.246.67
356,Timofei,Virgoe,tvirgoe9v@ed.gov,Male,144.245.56.104
357,Barry,Messham,bmessham9w@dedecms.com,Male,44.218.164.44
358,Alidia,Marshland,amarshland9x@miibeian.gov.cn,Female,52.225.152.97
359,Clevie,Bernuzzi,cbernuzzi9y@wikia.com,Male,53.2.148.202
360,Jorry,Labbett,jlabbett9z@tuttocitta.it,Female,221.241.125.233
361,Storm,Caulwell,scaulwella0@examiner.com,Female,156.166.145.206
362,Kaleena,Milleton,kmilletona1@abc.net.au,Female,160.187.128.117
363,Simon,Mendoza,smendozaa2@who.int,Male,57.27.0.252
364,Dolli,Piggot,dpiggota3@sciencedaily.com,Female,170.81.128.46
365,Nolly,Lindeberg,nlindeberga4@networkadvertising.org,Male,129.81.45.157
366,Allistir,Greeding,agreedinga5@theglobeandmail.com,Male,12.248.117.223
367,Gustavo,Burdin,gburdina6@oracle.com,Male,148.106.142.255
368,Isa,Lightoller,ilightollera7@feedburner.com,Female,37.164.221.143
369,Alejandra,Bellelli,abellellia8@wired.com,Female,209.129.198.51
370,Blinni,Venney,bvenneya9@ucoz.com,Female,146.113.11.29
371,Susie,Antonellini,santonelliniaa@uiuc.edu,Female,171.86.52.107
372,Carrol,McKenna,cmckennaab@naver.com,Male,62.36.111.243
373,Hillard,Saladine,hsaladineac@mlb.com,Male,64.125.163.127
374,Ofilia,Merriott,omerriottad@springer.com,Female,107.102.42.227
375,Corly,Noke,cnokeae@jugem.jp,Female,237.68.192.196
376,Angeli,Hoston,ahostonaf@gizmodo.com,Male,191.186.58.8
377,Edmon,Lawlor,elawlorag@cloudflare.com,Male,160.54.148.129
378,Lanita,Corish,lcorishah@altervista.org,Female,199.21.255.250
379,Francoise,Weal,fwealai@hatena.ne.jp,Female,12.238.249.114
380,Alex,Cazereau,acazereauaj@thetimes.co.uk,Male,3.111.31.58
381,Misha,Parell,mparellak@rediff.com,Female,12.162.90.17
382,Sibley,Clarae,sclaraeal@sogou.com,Female,209.70.139.29
383,Devland,McCarry,dmccarryam@naver.com,Male,183.76.149.46
384,Garret,Abbate,gabbatean@chron.com,Male,136.126.61.175
385,Enrichetta,Raatz,eraatzao@salon.com,Female,33.112.122.21
386,Deirdre,Olexa,dolexaap@noaa.gov,Female,40.64.130.95
387,Brianne,Hucklesby,bhucklesbyaq@newyorker.com,Female,19.46.119.125
388,Freeland,Flemming,fflemmingar@census.gov,Male,94.67.147.140
389,Antin,Lafuente,alafuenteas@salon.com,Male,245.218.88.130
390,Justis,Crips,jcripsat@businessinsider.com,Male,90.114.51.199
391,Eula,Godfrey,egodfreyau@goodreads.com,Female,210.96.193.67
392,Ruttger,De Ath,rdeathav@google.co.uk,Male,117.152.113.179
393,Layney,Donisi,ldonisiaw@mit.edu,Female,19.179.75.168
394,Melinda,Walpole,mwalpoleax@opera.com,Female,69.192.125.168
395,Belle,Oakshott,boakshottay@cnet.com,Female,10.109.42.2
396,Renell,Peattie,rpeattieaz@sbwire.com,Female,54.76.115.9
397,Abran,Buard,abuardb0@godaddy.com,Male,223.220.150.201
398,Aimil,Swoffer,aswofferb1@dion.ne.jp,Female,225.208.52.156
399,Sybil,Sillito,ssillitob2@1688.com,Female,139.21.218.21
400,Constantine,Lofts,cloftsb3@ocn.ne.jp,Female,78.77.1.140
401,Wendy,Fechnie,wfechnieb4@google.nl,Female,199.229.220.22
402,Munroe,Senescall,msenescallb5@accuweather.com,Male,189.159.196.227
403,Orelie,Corr,ocorrb6@arstechnica.com,Female,57.172.240.72
404,Valentijn,Underdown,vunderdownb7@ezinearticles.com,Male,216.152.76.189
405,Floria,Hourihane,fhourihaneb8@arstechnica.com,Female,100.15.64.178
406,Lidia,Tildesley,ltildesleyb9@ucoz.com,Female,17.174.167.174
407,Ulric,Linfoot,ulinfootba@ovh.net,Male,162.113.178.103
408,Pembroke,Caseley,pcaseleybb@tripadvisor.com,Male,19.216.251.20
409,Adrianne,Hefferan,ahefferanbc@arstechnica.com,Female,80.219.44.82
410,Farrah,Burdas,fburdasbd@wsj.com,Female,255.49.121.209
411,Andree,Alsobrook,aalsobrookbe@stumbleupon.com,Female,164.81.166.225
412,Leonora,Chipp,lchippbf@unesco.org,Female,91.188.30.187
413,Lauretta,Vauls,lvaulsbg@mtv.com,Female,23.150.241.224
414,Etta,Halifax,ehalifaxbh@multiply.com,Female,231.91.212.213
415,Susette,Baroux,sbarouxbi@elpais.com,Female,8.154.31.217
416,Stan,Loads,sloadsbj@csmonitor.com,Male,245.124.77.197
417,Karlen,Vila,kvilabk@washington.edu,Female,17.132.77.190
418,Ealasaid,Matula,ematulabl@noaa.gov,Female,112.94.19.218
419,Alexandra,Missen,amissenbm@desdev.cn,Female,62.216.6.136
420,Mick,Boneham,mbonehambn@techcrunch.com,Male,65.6.117.122
421,Kathy,Cordelette,kcordelettebo@ihg.com,Female,176.24.69.177
422,Tiebold,Jeanon,tjeanonbp@networkadvertising.org,Male,90.74.36.214
423,Merrel,Drought,mdroughtbq@buzzfeed.com,Male,199.73.238.247
424,Lenci,Quinion,lquinionbr@scribd.com,Male,93.59.210.156
425,Daniela,Grolmann,dgrolmannbs@fc2.com,Female,119.207.159.116
426,Flor,Rhule,frhulebt@freewebs.com,Female,66.161.106.84
427,Theodore,Pagden,tpagdenbu@tmall.com,Male,102.186.36.132
428,Maxim,Jan,mjanbv@pagesperso-orange.fr,Male,78.193.205.5
429,Roxy,Gauvin,rgauvinbw@exblog.jp,Female,171.7.116.249
430,Gennie,Grichukhin,ggrichukhinbx@unicef.org,Female,161.116.82.70
431,Valentino,Ellesworth,vellesworthby@bigcartel.com,Male,152.79.225.140
432,Gray,Duhig,gduhigbz@indiatimes.com,Male,118.250.108.98
433,Peter,Withur,pwithurc0@dropbox.com,Male,174.160.99.13
434,Roda,Duferie,rduferiec1@smh.com.au,Female,7.33.244.66
435,Alexandre,Ghiotto,aghiottoc2@java.com,Male,243.185.159.145
436,Irma,Fulton,ifultonc3@businessinsider.com,Female,133.225.75.24
437,Trumaine,Lenham,tlenhamc4@ucsd.edu,Male,5.36.165.166
438,Fredrika,Axe,faxec5@google.ru,Female,170.161.234.223
439,Nancie,Canton,ncantonc6@tinyurl.com,Female,79.111.118.254
440,Sayer,Boulstridge,sboulstridgec7@theatlantic.com,Male,142.208.136.8
441,Roxi,Winsley,rwinsleyc8@cornell.edu,Female,242.14.152.219
442,Andrus,Eden,aedenc9@dell.com,Male,213.221.126.203
443,Marcus,Petrelli,mpetrellica@netlog.com,Male,3.12.228.0
444,Sofie,Buret,sburetcb@w3.org,Female,247.186.98.248
445,Aldon,Blundon,ablundoncc@nps.gov,Male,5.126.199.43
446,Domenic,Beeston,dbeestoncd@icio.us,Male,127.3.57.101
447,Harlie,Gandy,hgandyce@europa.eu,Female,223.98.120.174
448,Dante,Huthart,dhuthartcf@spotify.com,Male,87.245.9.16
449,Serge,Wolfendale,swolfendalecg@friendfeed.com,Male,251.246.148.160
450,Babbie,Sline,bslinech@buzzfeed.com,Female,254.201.2.187
451,Buck,Rowswell,browswellci@hud.gov,Male,153.120.187.234
452,Westley,Enticott,wenticottcj@de.vu,Male,62.55.232.104
453,Pembroke,Giovanetti,pgiovanettick@wunderground.com,Male,110.132.40.160
454,Antonie,Rodell,arodellcl@hud.gov,Female,84.150.187.89
455,Edythe,Plunket,eplunketcm@mac.com,Female,211.77.177.190
456,Dulcinea,Guiso,dguisocn@huffingtonpost.com,Female,2.245.245.164
457,Giles,Gonoude,ggonoudeco@auda.org.au,Male,121.68.178.0
458,Gav,De Giorgis,gdegiorgiscp@hc360.com,Male,43.22.107.199
459,Evie,Empson,eempsoncq@lulu.com,Female,241.172.186.9
460,Hetty,Playdon,hplaydoncr@domainmarket.com,Female,174.31.156.68
461,Duky,Walewicz,dwalewiczcs@nymag.com,Male,245.215.149.60
462,Boone,Blaise,bblaisect@1688.com,Male,185.211.48.208
463,Maybelle,Vassbender,mvassbendercu@amazon.co.uk,Female,147.232.208.34
464,Mannie,Fountian,mfountiancv@tinyurl.com,Male,15.113.14.226
465,Titos,Truluck,ttruluckcw@infoseek.co.jp,Male,114.115.134.32
466,Staford,Shankle,sshanklecx@msu.edu,Male,79.21.118.235
467,Gabriela,Merton,gmertoncy@unc.edu,Female,176.142.145.14
468,Madlen,Oattes,moattescz@arizona.edu,Female,10.77.115.96
469,Juliane,Smee,jsmeed0@disqus.com,Female,25.67.144.79
470,Marjory,Reichartz,mreichartzd1@opensource.org,Female,101.120.252.68
471,Sergent,Kintzel,skintzeld2@edublogs.org,Male,124.98.82.200
472,Bliss,Truelove,btrueloved3@guardian.co.uk,Female,3.23.126.206
473,Thedric,Espinel,tespineld4@bandcamp.com,Male,202.190.62.238
474,Torrence,Barrs,tbarrsd5@ehow.com,Male,47.125.58.138
475,Marmaduke,Shimmin,mshimmind6@alexa.com,Male,108.37.30.98
476,Sandye,Anear,saneard7@vimeo.com,Female,86.176.252.251
477,Samuele,Woodus,swoodusd8@dailymotion.com,Male,89.147.126.184
478,Gisela,Skedgell,gskedgelld9@archive.org,Female,110.48.108.3
479,Randene,Grayshan,rgrayshanda@homestead.com,Female,222.250.124.242
480,Ronda,Bakewell,rbakewelldb@salon.com,Female,188.207.191.68
481,Pen,Hoyle,phoyledc@nsw.gov.au,Male,28.112.131.190
482,Margaux,Ready,mreadydd@domainmarket.com,Female,20.36.244.228
483,Merralee,Toupe,mtoupede@lycos.com,Female,251.61.2.247
484,Clem,Badsworth,cbadsworthdf@themeforest.net,Female,160.166.7.104
485,Bentlee,Freezor,bfreezordg@vinaora.com,Male,122.126.207.165
486,Erny,Bediss,ebedissdh@cbsnews.com,Male,52.101.150.116
487,Bentley,Hynam,bhynamdi@answers.com,Male,76.169.74.218
488,Faulkner,Mathou,fmathoudj@xinhuanet.com,Male,46.204.42.50
489,Addia,Frowd,afrowddk@pcworld.com,Female,89.110.211.196
490,Milo,Tatham,mtathamdl@unicef.org,Male,30.168.196.59
491,Nevile,Crosseland,ncrosselanddm@cbc.ca,Male,245.26.129.184
492,Gwyneth,Bryceson,gbrycesondn@amazonaws.com,Female,21.89.208.127
493,Lydon,Cersey,lcerseydo@jiathis.com,Male,49.75.240.21
494,Orson,Little,olittledp@arstechnica.com,Male,240.66.108.23
495,Ara,Johl,ajohldq@unblog.fr,Male,97.255.145.201
496,Buckie,Dumbare,bdumbaredr@github.io,Male,218.54.141.133
497,Barbaraanne,Lazell,blazellds@uol.com.br,Female,246.190.52.249
498,Leeland,Forsythe,lforsythedt@hexun.com,Male,178.174.9.165
499,Salomo,Hugli,shuglidu@newyorker.com,Male,99.246.17.52
500,Clayborne,Antoney,cantoneydv@cisco.com,Male,181.115.4.119
501,Bud,Jarley,bjarleydw@domainmarket.com,Male,234.132.38.220
502,Concordia,Riach,criachdx@nyu.edu,Female,21.72.201.42
503,Bette-ann,Spink,bspinkdy@slideshare.net,Female,109.81.190.116
504,Wandis,Stannah,wstannahdz@surveymonkey.com,Female,46.120.155.95
505,Lucienne,Cloutt,lcloutte0@ucsd.edu,Female,106.32.28.193
506,Elysha,Dewhirst,edewhirste1@tamu.edu,Female,198.40.224.132
507,Cairistiona,Rankcom,crankcome2@biblegateway.com,Female,60.44.125.154
508,Kirby,Boniface,kbonifacee3@china.com.cn,Female,99.214.42.226
509,Devina,Tour,dtoure4@livejournal.com,Female,166.92.34.59
510,Nikki,Mordue,nmorduee5@soundcloud.com,Male,27.220.211.90
511,Flin,Snazel,fsnazele6@census.gov,Male,19.97.31.192
512,Ralina,Blackley,rblackleye7@craigslist.org,Female,32.135.73.247
513,Robin,Schumacher,rschumachere8@reverbnation.com,Female,18.22.167.0
514,Stanly,Hellikes,shellikese9@pcworld.com,Male,255.104.169.185
515,Drake,Merill,dmerillea@oakley.com,Male,36.26.210.81
516,Kalil,Girton,kgirtoneb@phpbb.com,Male,175.120.13.133
517,Luke,Heddan,lheddanec@cnn.com,Male,245.26.69.4
518,Rosie,Roller,rrollered@simplemachines.org,Female,187.38.190.189
519,Lonnie,Kruger,lkrugeree@nsw.gov.au,Male,235.244.81.220
520,Carolyn,Crewes,ccrewesef@webeden.co.uk,Female,48.48.0.0
521,Mufi,Sneden,msnedeneg@theatlantic.com,Female,10.67.137.164
522,Nestor,Hrishchenko,nhrishchenkoeh@spiegel.de,Male,249.246.244.145
523,Terencio,Hurich,thurichei@msn.com,Male,0.160.196.201
524,Ximenes,Normant,xnormantej@psu.edu,Male,177.191.190.23
525,Roze,Whitelaw,rwhitelawek@tiny.cc,Female,134.194.85.7
526,Dwight,Webber,dwebberel@vimeo.com,Male,68.208.87.178
527,Betteanne,Dallmann,bdallmannem@fema.gov,Female,249.206.90.3
528,Neel,Morena,nmorenaen@usatoday.com,Male,105.188.175.64
529,Alejandro,Bresner,abresnereo@sitemeter.com,Male,209.70.212.92
530,Darcy,Meekin,dmeekinep@networksolutions.com,Male,131.212.85.8
531,Linoel,Schafer,lschafereq@devhub.com,Male,155.104.17.167
532,Lezley,Ismay,lismayer@newsvine.com,Male,140.157.35.115
533,Cammy,Bacon,cbacones@github.io,Female,168.67.31.157
534,Louisa,MacKereth,lmackerethet@nps.gov,Female,65.29.87.121
535,Sharona,Gisbye,sgisbyeeu@columbia.edu,Female,19.30.24.67
536,Justis,Corish,jcorishev@time.com,Male,190.157.96.138
537,Nikolai,Rolland,nrollandew@theguardian.com,Male,136.245.251.85
538,Odie,Lawry,olawryex@merriam-webster.com,Male,131.144.204.244
539,Velvet,Ambrosoni,vambrosoniey@home.pl,Female,163.91.47.57
540,Gare,Bridgland,gbridglandez@ebay.co.uk,Male,217.144.183.242
541,Benedikta,Swiffin,bswiffinf0@hibu.com,Female,17.223.59.238
542,Oriana,Shill,oshillf1@seattletimes.com,Female,25.21.118.10
543,Blair,Leather,bleatherf2@51.la,Female,47.156.119.16
544,Nial,Noads,nnoadsf3@redcross.org,Male,201.227.91.59
545,Nonah,Devany,ndevanyf4@github.io,Female,34.28.73.154
546,Cirillo,Albion,calbionf5@de.vu,Male,159.207.118.194
547,Albina,Linnett,alinnettf6@skype.com,Female,206.195.37.28
548,Ally,Dober,adoberf7@dailymail.co.uk,Female,64.215.250.84
549,Birch,Budding,bbuddingf8@istockphoto.com,Male,142.60.197.27
550,Rainer,Pumphrey,rpumphreyf9@over-blog.com,Male,158.175.250.41
551,Dianna,Terbruggen,dterbruggenfa@accuweather.com,Female,200.97.104.177
552,Arny,Sautter,asautterfb@cdbaby.com,Male,4.252.38.230
553,Carey,Janecek,cjanecekfc@vinaora.com,Female,226.173.196.203
554,Joni,Glanton,jglantonfd@nature.com,Female,12.119.224.87
555,Jody,O'Doran,jodoranfe@hibu.com,Male,126.215.164.99
556,Jerad,Athelstan,jathelstanff@vkontakte.ru,Male,212.64.230.148
557,Barron,Nevet,bnevetfg@istockphoto.com,Male,115.188.100.219
558,Terra,Kingswold,tkingswoldfh@bluehost.com,Female,67.131.216.176
559,Ennis,Klebes,eklebesfi@ucoz.ru,Male,37.138.146.39
560,Teriann,Blaw,tblawfj@nsw.gov.au,Female,18.154.59.160
561,Coop,O' Faherty,cofahertyfk@exblog.jp,Male,35.96.197.247
562,Henry,Matushenko,hmatushenkofl@bigcartel.com,Male,177.62.165.13
563,Flossy,Gehringer,fgehringerfm@taobao.com,Female,75.107.41.3
564,Hadria,Skipperbottom,hskipperbottomfn@buzzfeed.com,Female,207.24.77.39
565,Hugo,Wethers,hwethersfo@rediff.com,Male,54.151.108.38
566,Curtice,Greenset,cgreensetfp@marketwatch.com,Male,162.46.150.86
567,Earl,Rawlinson,erawlinsonfq@nifty.com,Male,69.76.206.40
568,Thea,De Moreno,tdemorenofr@buzzfeed.com,Female,147.120.205.233
569,Carny,Aish,caishfs@blogspot.com,Male,155.210.166.170
570,Tito,Harbar,tharbarft@cornell.edu,Male,150.10.227.233
571,Ber,McAteer,bmcateerfu@barnesandnoble.com,Male,114.40.189.64
572,Aurthur,Balderson,abaldersonfv@about.com,Male,16.229.133.11
573,Redford,Alejo,ralejofw@yellowbook.com,Male,125.58.3.154
574,Merv,Dubois,mduboisfx@tumblr.com,Male,38.135.166.184
575,Eliza,Hyne,ehynefy@t-online.de,Female,138.131.121.25
576,Melly,Sansam,msansamfz@go.com,Female,239.123.200.187
577,Brinn,Doudney,bdoudneyg0@sphinn.com,Female,70.24.107.147
578,Brenda,Palliser,bpalliserg1@hubpages.com,Female,176.214.251.230
579,Leah,De Luna,ldelunag2@lulu.com,Female,102.111.105.143
580,Lucais,Borrowman,lborrowmang3@mapquest.com,Male,100.135.22.232
581,Joyan,Margrie,jmargrieg4@nih.gov,Female,79.180.166.26
582,Blaine,Wimpeney,bwimpeneyg5@pbs.org,Male,214.129.19.245
583,Giacinta,Scotchmor,gscotchmorg6@nymag.com,Female,109.127.130.9
584,Tracey,Mandy,tmandyg7@usnews.com,Female,164.85.56.107
585,Emili,Dunks,edunksg8@merriam-webster.com,Female,40.58.9.51
586,Kass,Andreone,kandreoneg9@bloglovin.com,Female,195.211.239.103
587,Wendi,Josskoviz,wjosskovizga@usnews.com,Female,238.189.28.155
588,Corby,Cheng,cchenggb@discovery.com,Male,125.143.161.36
589,Lindy,Janatka,ljanatkagc@prnewswire.com,Male,226.28.84.108
590,Amery,Gearty,ageartygd@techcrunch.com,Male,141.2.239.115
591,Hillel,Teanby,hteanbyge@independent.co.uk,Male,21.253.7.98
592,Kerrin,Ellis,kellisgf@canalblog.com,Female,87.33.19.21
593,Brady,Delle,bdellegg@fotki.com,Male,251.81.235.76
594,Forrester,Keysel,fkeyselgh@google.co.jp,Male,24.65.50.65
595,Willi,Rosengren,wrosengrengi@godaddy.com,Male,16.17.208.155
596,Quinlan,Coneron,qconerongj@nhs.uk,Male,39.34.133.95
597,Jehanna,Clowney,jclowneygk@europa.eu,Female,138.85.115.38
598,Adrian,Thirlwall,athirlwallgl@acquirethisname.com,Female,104.49.251.31
599,Guillemette,Annand,gannandgm@psu.edu,Female,161.63.216.62
600,Amelina,Defrain,adefraingn@unc.edu,Female,20.21.93.249
601,Mia,Tugman,mtugmango@ustream.tv,Female,234.16.45.37
602,Brannon,Browell,bbrowellgp@arstechnica.com,Male,36.246.27.11
603,Jereme,Killough,jkilloughgq@baidu.com,Male,25.16.66.132
604,Jase,Goggen,jgoggengr@tumblr.com,Male,67.85.71.150
605,Aluino,Grombridge,agrombridgegs@histats.com,Male,55.189.208.191
606,Nicko,Andrioli,nandrioligt@geocities.com,Male,208.0.64.146
607,Aura,Mapston,amapstongu@theguardian.com,Female,246.139.187.55
608,Weylin,Rayson,wraysongv@yellowpages.com,Male,181.69.252.21
609,Helene,Stammer,hstammergw@sogou.com,Female,238.125.34.37
610,Rivkah,Conyard,rconyardgx@hp.com,Female,66.169.210.124
611,Lyn,Standish,lstandishgy@zimbio.com,Male,134.17.82.183
612,Carmelia,Shaw,cshawgz@buzzfeed.com,Female,117.19.21.11
613,Valentine,Grinley,vgrinleyh0@bbc.co.uk,Male,34.182.21.207
614,Philbert,Dorrian,pdorrianh1@japanpost.jp,Male,215.208.35.79
615,Falkner,Liptrod,fliptrodh2@fastcompany.com,Male,23.206.186.244
616,Naomi,Horley,nhorleyh3@sina.com.cn,Female,99.203.83.245
617,Timmy,Kop,tkoph4@joomla.org,Male,91.167.255.246
618,Perla,Masdon,pmasdonh5@cornell.edu,Female,255.160.62.157
619,Land,Chomiszewski,lchomiszewskih6@shop-pro.jp,Male,105.196.2.96
620,Lauri,Vasilic,lvasilich7@amazon.com,Female,142.28.243.101
621,Brook,Walsh,bwalshh8@japanpost.jp,Female,46.175.242.19
622,Sheela,Trippett,strippetth9@bravesites.com,Female,251.138.62.196
623,Kimbra,Planke,kplankeha@army.mil,Female,127.57.41.128
624,Marrissa,Tizard,mtizardhb@si.edu,Female,76.232.71.21
625,Rand,Kleynen,rkleynenhc@nasa.gov,Male,224.204.157.71
626,Harlin,Mil,hmilhd@elegantthemes.com,Male,52.56.74.83
627,Dix,Woodwind,dwoodwindhe@hhs.gov,Female,119.50.192.143
628,Briney,Josefovic,bjosefovichf@freewebs.com,Female,219.253.204.72
629,Nial,Pes,npeshg@bbb.org,Male,104.51.204.203
630,Ettie,Pettegree,epettegreehh@plala.or.jp,Female,172.24.222.61
631,Bastien,Minors,bminorshi@sciencedirect.com,Male,3.252.170.187
632,Sebastiano,Sproson,ssprosonhj@mysql.com,Male,127.240.8.212
633,Jordon,Griffe,jgriffehk@opera.com,Male,5.87.222.30
634,Jessey,Kell,jkellhl@ed.gov,Male,108.87.144.254
635,Korney,Buckie,kbuckiehm@wordpress.com,Female,158.226.63.245
636,Orlan,Yesenev,oyesenevhn@netscape.com,Male,177.68.181.55
637,Penni,Scouler,pscoulerho@soup.io,Female,138.192.90.89
638,Pru,McCreadie,pmccreadiehp@youtu.be,Female,124.154.96.223
639,Aubert,Kerman,akermanhq@vinaora.com,Male,227.128.70.236
640,Suellen,Tomkins,stomkinshr@devhub.com,Female,216.250.72.201
641,Floria,Confait,fconfaiths@delicious.com,Female,81.69.114.100
642,Annabell,Charleston,acharlestonht@zdnet.com,Female,231.229.148.69
643,Carrie,Allston,callstonhu@weather.com,Female,70.10.112.66
644,Dugald,Crimin,dcriminhv@vkontakte.ru,Male,82.23.70.35
645,Monah,Kennett,mkennetthw@ihg.com,Female,94.159.121.208
646,Elane,Tennewell,etennewellhx@state.tx.us,Female,126.241.146.213
647,Tarrah,Fletham,tflethamhy@mayoclinic.com,Female,201.37.69.150
648,Celestine,Kivelle,ckivellehz@princeton.edu,Female,23.1.135.232
649,Mirella,Tapley,mtapleyi0@google.fr,Female,102.8.45.71
650,Bogart,Strowan,bstrowani1@wired.com,Male,164.185.170.146
651,Shannan,Enevoldsen,senevoldseni2@noaa.gov,Male,112.44.94.129
652,Bradford,Craft,bcrafti3@1und1.de,Male,250.101.54.205
653,Harriott,Elflain,helflaini4@cdc.gov,Female,12.175.96.69
654,Ludovico,Beevors,lbeevorsi5@unblog.fr,Male,13.255.73.160
655,Audrie,Newband,anewbandi6@pinterest.com,Female,128.36.233.29
656,Ethelin,Spering,esperingi7@npr.org,Female,204.94.246.81
657,Colleen,Rubbert,crubberti8@drupal.org,Female,231.189.208.254
658,Yehudi,Sails,ysailsi9@gnu.org,Male,140.193.133.227
659,Demott,Nurcombe,dnurcombeia@devhub.com,Male,146.206.22.101
660,Yurik,Middle,ymiddleib@goodreads.com,Male,196.166.243.187
661,Trace,Pinks,tpinksic@friendfeed.com,Male,179.30.173.162
662,Matthew,Ahrend,mahrendid@dagondesign.com,Male,87.48.36.5
663,Jerrie,McCluin,jmccluinie@surveymonkey.com,Male,66.91.43.152
664,Paquito,Lammerts,plammertsif@admin.ch,Male,217.189.15.144
665,Lanita,Muggleston,lmugglestonig@technorati.com,Female,202.221.154.111
666,Cloris,Backwell,cbackwellih@issuu.com,Female,81.104.69.178
667,Carissa,Troillet,ctroilletii@4shared.com,Female,4.63.100.113
668,Kalinda,Heel,kheelij@marketwatch.com,Female,110.93.128.22
669,Avril,Roisen,aroisenik@barnesandnoble.com,Female,221.143.219.4
670,Chastity,Caras,ccarasil@360.cn,Female,143.16.38.246
671,Peder,Muttitt,pmuttittim@mashable.com,Male,132.99.115.208
672,Dawn,Kuhn,dkuhnin@bigcartel.com,Female,193.128.75.216
673,Angelika,Libby,alibbyio@cocolog-nifty.com,Female,109.229.69.191
674,Frazier,Clement,fclementip@illinois.edu,Male,175.76.8.207
675,Andrea,Hansill,ahansilliq@abc.net.au,Male,43.116.98.1
676,Laney,Stichall,lstichallir@dell.com,Female,178.237.152.22
677,Wandie,Fulcher,wfulcheris@sohu.com,Female,129.103.241.89
678,Norton,Throssell,nthrossellit@usnews.com,Male,30.66.58.51
679,Filia,Segebrecht,fsegebrechtiu@oaic.gov.au,Female,8.36.108.201
680,Sandor,Tredgold,stredgoldiv@hhs.gov,Male,10.26.48.1
681,Bennie,Gunby,bgunbyiw@weather.com,Female,211.22.213.247
682,Kelley,Pawlicki,kpawlickiix@bigcartel.com,Female,64.220.244.202
683,Regen,Lemme,rlemmeiy@vk.com,Male,198.103.159.83
684,Desirae,Cahey,dcaheyiz@a8.net,Female,18.196.70.8
685,Carmella,Paling,cpalingj0@tuttocitta.it,Female,117.108.255.46
686,Ariella,Conquer,aconquerj1@senate.gov,Female,103.122.17.251
687,Bevin,Aburrow,baburrowj2@mapy.cz,Male,104.101.206.59
688,Claiborne,Cajkler,ccajklerj3@webnode.com,Male,14.223.119.40
689,Shell,Franscioni,sfranscionij4@ameblo.jp,Male,144.169.91.251
690,Erv,Bruffell,ebruffellj5@china.com.cn,Male,182.158.25.2
691,Ediva,Ikringill,eikringillj6@tripod.com,Female,53.191.156.220
692,Patrick,Ridhole,pridholej7@epa.gov,Male,194.71.122.178
693,Enid,Gheorghe,egheorghej8@furl.net,Female,217.214.144.119
694,Charo,Cornbell,ccornbellj9@tamu.edu,Female,245.215.164.79
695,Nobie,Snow,nsnowja@vinaora.com,Male,208.0.206.86
696,Tiphani,Ollier,tollierjb@dion.ne.jp,Female,162.113.63.31
697,Guthry,Dunsmuir,gdunsmuirjc@microsoft.com,Male,183.214.81.89
698,Alphonse,Dinning,adinningjd@yahoo.co.jp,Male,59.199.17.111
699,Brew,Gelderd,bgelderdje@reddit.com,Male,137.19.127.111
700,Creigh,Duckfield,cduckfieldjf@feedburner.com,Male,123.80.206.235
701,Erick,MacAfee,emacafeejg@wordpress.com,Male,42.181.150.85
702,Gasper,Teall,gtealljh@amazonaws.com,Male,90.101.200.223
703,Kory,Galland,kgallandji@ustream.tv,Male,252.154.146.234
704,Shandy,De Meyer,sdemeyerjj@flavors.me,Female,168.53.63.142
705,Peyter,Ablitt,pablittjk@spiegel.de,Male,132.53.81.178
706,Fiorenze,Franceschielli,ffranceschiellijl@aol.com,Female,1.112.230.34
707,Elly,Hedde,eheddejm@fema.gov,Female,169.111.152.252
708,Adelle,Bavidge,abavidgejn@hostgator.com,Female,144.246.35.142
709,Chantal,Shelmardine,cshelmardinejo@salon.com,Female,99.3.77.148
710,Paul,Vallow,pvallowjp@amazon.com,Male,124.151.111.208
711,Kellen,Lubomirski,klubomirskijq@clickbank.net,Male,77.97.153.122
712,Leah,O'Cridigan,locridiganjr@multiply.com,Female,82.2.64.86
713,Denyse,Jirieck,djirieckjs@patch.com,Female,193.237.120.243
714,Estell,Gorvin,egorvinjt@google.com,Female,196.4.12.241
715,Ernesto,Tapson,etapsonju@blinklist.com,Male,156.5.136.115
716,Alexa,Tutton,atuttonjv@smugmug.com,Female,192.245.143.96
717,Torrin,Higbin,thigbinjw@imgur.com,Male,42.125.227.176
718,Dewie,Alpine,dalpinejx@pcworld.com,Male,159.162.242.54
719,Shepard,Riglesford,sriglesfordjy@squidoo.com,Male,77.51.47.7
720,Piotr,Cristoforo,pcristoforojz@blog.com,Male,155.112.204.185
721,Luigi,Watson-Brown,lwatsonbrownk0@ustream.tv,Male,143.218.120.157
722,Murielle,Duckwith,mduckwithk1@harvard.edu,Female,20.127.232.197
723,Gail,Cosker,gcoskerk2@macromedia.com,Female,146.11.113.209
724,Sherwin,Giral,sgiralk3@blog.com,Male,171.12.184.68
725,Mitch,Yann,myannk4@clickbank.net,Male,16.52.101.118
726,Margalo,Vasichev,mvasichevk5@gov.uk,Female,235.92.53.217
727,Kin,Longford,klongfordk6@4shared.com,Male,210.113.10.171
728,Karly,Sleaford,ksleafordk7@wufoo.com,Female,11.110.121.235
729,Cherilynn,Cowgill,ccowgillk8@devhub.com,Female,154.72.13.176
730,Ad,Defew,adefewk9@meetup.com,Male,39.149.210.67
731,Lucais,Lindenbluth,llindenbluthka@myspace.com,Male,124.10.92.192
732,Mischa,Corrie,mcorriekb@about.me,Male,234.48.51.106
733,Ameline,Mougel,amougelkc@ted.com,Female,109.194.120.50
734,Peter,Lodwig,plodwigkd@timesonline.co.uk,Male,180.221.60.231
735,Darice,Charsley,dcharsleyke@uiuc.edu,Female,84.153.151.211
736,Jenilee,Pantin,jpantinkf@unesco.org,Female,254.47.216.168
737,Josey,Balfour,jbalfourkg@sohu.com,Female,123.4.83.246
738,Cletus,Robjant,crobjantkh@bluehost.com,Male,20.28.207.230
739,Vida,Osband,vosbandki@sina.com.cn,Female,219.231.213.140
740,Silvain,Tresler,streslerkj@yandex.ru,Male,116.65.155.70
741,Adaline,Jankin,ajankinkk@geocities.jp,Female,67.110.246.73
742,Harris,Balmadier,hbalmadierkl@xing.com,Male,255.26.69.248
743,Marci,Bend,mbendkm@1und1.de,Female,171.188.147.226
744,Monique,Paskin,mpaskinkn@histats.com,Female,167.225.50.1
745,Chris,Ditchfield,cditchfieldko@wix.com,Male,150.104.151.150
746,Jordan,Wisniowski,jwisniowskikp@biglobe.ne.jp,Male,43.245.48.5
747,Petronia,Flello,pflellokq@vkontakte.ru,Female,163.180.218.168
748,Tish,Baruch,tbaruchkr@yandex.ru,Female,210.70.216.100
749,Sonia,Todari,stodariks@cnn.com,Female,140.233.172.136
750,Ardelle,Strongitharm,astrongitharmkt@geocities.jp,Female,8.56.10.86
751,Greer,Munson,gmunsonku@unicef.org,Female,139.8.241.59
752,Arlen,Wrathmall,awrathmallkv@360.cn,Female,91.44.201.188
753,Booth,Coke,bcokekw@xing.com,Male,207.104.253.122
754,Millie,Sivorn,msivornkx@prweb.com,Female,156.136.29.102
755,York,Mitkin,ymitkinky@google.ru,Male,158.242.179.180
756,Mollie,Burnham,mburnhamkz@yelp.com,Female,246.73.255.133
757,Nanice,Grishanin,ngrishaninl0@psu.edu,Female,224.223.255.218
758,Gilda,Ransome,gransomel1@flickr.com,Female,0.195.181.54
759,Ardyth,Holdey,aholdeyl2@wisc.edu,Female,221.62.252.129
760,Raychel,Drover,rdroverl3@virginia.edu,Female,73.159.98.1
761,Coop,Pedroli,cpedrolil4@gnu.org,Male,46.160.233.242
762,Gerrie,Costan,gcostanl5@barnesandnoble.com,Female,5.17.56.62
763,Debora,Faircliffe,dfaircliffel6@amazon.co.jp,Female,83.104.221.134
764,Lillian,Semple,lsemplel7@fastcompany.com,Female,85.40.93.98
765,Ferdinande,Jugging,fjuggingl8@networksolutions.com,Female,16.144.59.172
766,Amalita,Tate,atatel9@msu.edu,Female,187.186.243.0
767,Sinclair,Stovine,sstovinela@upenn.edu,Male,109.137.44.186
768,Mitchel,Boundy,mboundylb@elpais.com,Male,10.145.117.59
769,Corrie,Olivera,coliveralc@comsenz.com,Male,192.100.251.7
770,Isis,Lotte,ilotteld@ca.gov,Female,39.7.136.141
771,Trey,Ramsell,tramsellle@tiny.cc,Male,95.44.187.192
772,Beau,Dellenbrok,bdellenbroklf@amazon.co.uk,Male,247.160.241.18
773,Millard,Valentelli,mvalentellilg@e-recht24.de,Male,33.161.97.57
774,Brig,Banthorpe,bbanthorpelh@reuters.com,Male,60.50.116.8
775,Trumaine,Samme,tsammeli@mtv.com,Male,226.232.77.121
776,Doralynn,Aspinal,daspinallj@cloudflare.com,Female,187.240.250.23
777,Olympe,Magowan,omagowanlk@ning.com,Female,96.194.136.22
778,Christan,Folk,cfolkll@g.co,Female,80.124.252.126
779,Kain,Hegden,khegdenlm@guardian.co.uk,Male,95.226.99.26
780,Noami,Waters,nwatersln@ibm.com,Female,108.212.250.141
781,Sadie,Hackett,shackettlo@prnewswire.com,Female,56.243.118.73
782,Farand,Rakestraw,frakestrawlp@biglobe.ne.jp,Female,6.9.57.72
783,Alyson,Lyster,alysterlq@dagondesign.com,Female,221.84.115.67
784,Hilde,Brimmell,hbrimmelllr@ning.com,Female,2.160.229.16
785,Demetrius,Cansdell,dcansdellls@friendfeed.com,Male,106.144.154.206
786,Jeramey,Richens,jrichenslt@va.gov,Male,98.132.108.134
787,Ephrem,Jelfs,ejelfslu@dyndns.org,Male,60.162.157.149
788,Agretha,Kundt,akundtlv@cnet.com,Female,93.127.68.40
789,Faber,Hunnaball,fhunnaballlw@wikispaces.com,Male,162.237.69.110
790,Tadd,Rafter,trafterlx@flickr.com,Male,16.85.159.96
791,Jayme,Joppich,jjoppichly@whitehouse.gov,Female,139.113.91.47
792,Alfredo,Chamberlain,achamberlainlz@businessweek.com,Male,199.45.129.215
793,Eldridge,Luffman,eluffmanm0@cafepress.com,Male,161.238.118.118
794,Conni,Lauchlan,clauchlanm1@whitehouse.gov,Female,13.85.40.198
795,Merlina,Treagus,mtreagusm2@nationalgeographic.com,Female,52.92.119.241
796,Hayyim,Lokier,hlokierm3@wsj.com,Male,149.162.150.30
797,Krisha,Daventry,kdaventrym4@scientificamerican.com,Male,122.218.177.253
798,Willy,Stutte,wstuttem5@tiny.cc,Female,179.74.172.38
799,Ethan,McGuire,emcguirem6@free.fr,Male,19.14.219.137
800,Keeley,Service,kservicem7@yale.edu,Female,37.81.229.198
801,Erny,Jacobbe,ejacobbem8@si.edu,Male,184.32.108.219
802,Aeriell,Stirtle,astirtlem9@hostgator.com,Female,78.221.239.233
803,Christy,McGriffin,cmcgriffinma@cbc.ca,Female,41.102.38.104
804,Gusta,Vereker,gverekermb@go.com,Female,34.73.144.212
805,Erin,Perrottet,eperrottetmc@theglobeandmail.com,Female,2.157.81.46
806,Kania,Gossling,kgosslingmd@illinois.edu,Female,198.30.66.25
807,Gustavus,Giacopazzi,ggiacopazzime@last.fm,Male,121.57.252.166
808,Xylina,Tapner,xtapnermf@jugem.jp,Female,23.136.176.164
809,Belinda,Huchot,bhuchotmg@wix.com,Female,135.85.202.43
810,Tommi,Spurritt,tspurrittmh@exblog.jp,Female,214.64.12.249
811,Petra,Wrotchford,pwrotchfordmi@spotify.com,Female,238.139.107.176
812,Nicola,Asson,nassonmj@archive.org,Female,84.210.19.207
813,Dulcea,Hackford,dhackfordmk@4shared.com,Female,233.206.230.189
814,Roby,Bragg,rbraggml@icio.us,Female,233.169.222.37
815,Penni,Brigden,pbrigdenmm@npr.org,Female,4.104.12.74
816,Roldan,Brewer,rbrewermn@over-blog.com,Male,231.186.102.116
817,Helsa,Struys,hstruysmo@ihg.com,Female,48.174.200.188
818,Rem,Pinching,rpinchingmp@flavors.me,Male,134.117.179.215
819,Haywood,Attle,hattlemq@cisco.com,Male,74.144.160.41
820,Ferris,Edgar,fedgarmr@bandcamp.com,Male,92.201.214.101
821,Codie,Gothrup,cgothrupms@unc.edu,Male,101.209.146.61
822,Ruddie,Trass,rtrassmt@oakley.com,Male,173.171.8.160
823,Vern,Lebbon,vlebbonmu@cnet.com,Male,173.113.122.161
824,Madelon,Dahlborg,mdahlborgmv@bravesites.com,Female,127.86.7.34
825,Bondie,Huddart,bhuddartmw@blogtalkradio.com,Male,102.225.165.50
826,Gwyneth,Martineau,gmartineaumx@com.com,Female,120.128.46.27
827,Jake,Esherwood,jesherwoodmy@virginia.edu,Male,227.4.222.225
828,Port,Sones,psonesmz@storify.com,Male,242.180.125.146
829,Sandie,Harvison,sharvisonn0@github.com,Female,30.154.136.80
830,Tabbie,Brierley,tbrierleyn1@sbwire.com,Male,195.30.9.245
831,Darin,Sharrock,dsharrockn2@cbsnews.com,Male,118.254.58.1
832,Adelaide,Giraudou,agiraudoun3@marriott.com,Female,105.63.102.237
833,Antonio,Orro,aorron4@mail.ru,Male,92.66.234.148
834,Eleanora,Krammer,ekrammern5@alexa.com,Female,166.162.185.216
835,Zerk,Moyce,zmoycen6@vk.com,Male,72.28.34.38
836,Phaidra,Bidewel,pbideweln7@wix.com,Female,224.10.89.126
837,Greggory,Yerlett,gyerlettn8@deviantart.com,Male,215.103.68.124
838,Ervin,Silversmid,esilversmidn9@nbcnews.com,Male,62.222.213.227
839,Desi,Tedman,dtedmanna@bing.com,Male,224.147.59.254
840,Nerti,Doige,ndoigenb@flickr.com,Female,64.68.250.10
841,Dorolice,Ewbanche,dewbanchenc@networkadvertising.org,Female,45.88.133.138
842,Nestor,Neames,nneamesnd@vkontakte.ru,Male,62.127.51.215
843,Rania,Jacketts,rjackettsne@ed.gov,Female,191.186.69.126
844,Alberta,Elliss,aellissnf@drupal.org,Female,75.64.54.11
845,Florina,Fist,ffistng@blinklist.com,Female,158.37.214.64
846,Martita,Delafoy,mdelafoynh@goo.ne.jp,Female,7.54.139.162
847,Cathleen,Menault,cmenaultni@yellowpages.com,Female,92.133.194.41
848,Mariellen,Radborne,mradbornenj@cnn.com,Female,23.163.18.216
849,Krishnah,Teanby,kteanbynk@icio.us,Male,128.44.41.188
850,Tobie,Madgwick,tmadgwicknl@vkontakte.ru,Male,82.56.97.120
851,Ennis,Birch,ebirchnm@dailymotion.com,Male,162.176.232.213
852,Loydie,Edmeades,ledmeadesnn@fema.gov,Male,21.19.48.53
853,Bentley,Wem,bwemno@rambler.ru,Male,233.208.252.26
854,Tyne,Brucker,tbruckernp@reddit.com,Female,46.27.6.73
855,Tris,Lindenstrauss,tlindenstraussnq@go.com,Male,123.190.65.116
856,Berny,Pittendreigh,bpittendreighnr@cdbaby.com,Male,27.83.43.202
857,Ardra,Breitling,abreitlingns@time.com,Female,109.151.195.243
858,Martie,Northbridge,mnorthbridgent@domainmarket.com,Male,21.89.210.29
859,Chevy,Willan,cwillannu@meetup.com,Male,230.55.234.236
860,Shae,MacGahy,smacgahynv@goo.gl,Female,172.25.16.204
861,Malina,Gallaccio,mgallaccionw@yelp.com,Female,114.33.109.244
862,Brandise,Blackadder,bblackaddernx@columbia.edu,Female,8.140.241.253
863,Sarah,Benaine,sbenaineny@amazonaws.com,Female,13.105.129.135
864,Goran,Tacker,gtackernz@youtu.be,Male,248.28.138.57
865,Alis,Stirrup,astirrupo0@pen.io,Female,63.118.62.221
866,Kerwin,Coryndon,kcoryndono1@i2i.jp,Male,191.146.250.163
867,Harcourt,Openshaw,hopenshawo2@naver.com,Male,104.72.6.246
868,Evan,Whitter,ewhittero3@cdbaby.com,Male,208.190.19.148
869,Marilin,Terrill,mterrillo4@irs.gov,Female,47.38.9.63
870,Jeanelle,Shackesby,jshackesbyo5@cbslocal.com,Female,35.38.28.10
871,Sigismond,Blumfield,sblumfieldo6@xrea.com,Male,95.236.2.117
872,Magdalen,Sharnock,msharnocko7@umn.edu,Female,104.103.22.128
873,Tiffie,Barradell,tbarradello8@apache.org,Female,121.53.138.142
874,Charlena,Asp,caspo9@sphinn.com,Female,156.81.100.20
875,Crosby,Bennike,cbennikeoa@mapquest.com,Male,80.248.158.159
876,Auguste,Wrightem,awrightemob@dmoz.org,Female,181.88.255.246
877,Brandise,Sarchwell,bsarchwelloc@tinyurl.com,Female,64.242.243.229
878,Peggi,Stamps,pstampsod@4shared.com,Female,37.80.10.43
879,Loren,Lowndesbrough,llowndesbroughoe@163.com,Male,237.93.243.137
880,Garth,Falco,gfalcoof@exblog.jp,Male,4.246.138.3
881,Jaime,Celler,jcellerog@bloglines.com,Male,198.147.193.58
882,Maurice,Olman,molmanoh@naver.com,Male,176.157.119.93
883,Stanley,Overbury,soverburyoi@uiuc.edu,Male,140.171.251.115
884,Livvy,Ambrogelli,lambrogellioj@rediff.com,Female,84.190.13.18
885,Simonette,Golborn,sgolbornok@pen.io,Female,195.7.66.56
886,Michaela,Spaxman,mspaxmanol@mayoclinic.com,Female,190.223.114.235
887,Nora,Minchinton,nminchintonom@naver.com,Female,86.41.26.99
888,Walliw,Brockie,wbrockieon@wisc.edu,Female,218.49.202.5
889,Dione,Jarmaine,djarmaineoo@ed.gov,Female,176.168.72.125
890,Idell,Georgeot,igeorgeotop@xinhuanet.com,Female,244.237.249.9
891,Gabrielle,Spenton,gspentonoq@ftc.gov,Female,47.86.104.10
892,Mariellen,Poltone,mpoltoneor@toplist.cz,Female,88.116.241.229
893,Kristel,Illwell,killwellos@shop-pro.jp,Female,86.171.103.243
894,Ludovika,Fosh,lfoshot@guardian.co.uk,Female,253.217.152.103
895,Ebonee,Tawse,etawseou@addtoany.com,Female,201.198.235.142
896,Claudius,Polon,cpolonov@ox.ac.uk,Male,99.83.17.94
897,Pepito,Purselowe,ppurseloweow@slate.com,Male,139.67.245.33
898,Eben,Beadman,ebeadmanox@dyndns.org,Male,57.99.240.160
899,Dewie,Batie,dbatieoy@purevolume.com,Male,174.190.160.108
900,Harley,Bearcroft,hbearcroftoz@fc2.com,Male,253.201.163.161
901,Otis,Raittie,oraittiep0@msn.com,Male,109.220.109.58
902,Odie,Genty,ogentyp1@wordpress.org,Male,92.128.80.127
903,Sondra,Kattenhorn,skattenhornp2@yelp.com,Female,147.151.218.71
904,Mort,Leale,mlealep3@youku.com,Male,229.109.83.100
905,Berny,Vassar,bvassarp4@amazon.de,Male,165.227.137.133
906,Clarey,Horley,chorleyp5@meetup.com,Female,239.103.56.30
907,Kevin,McManus,kmcmanusp6@hibu.com,Male,9.231.39.51
908,Cassie,Sandercroft,csandercroftp7@soundcloud.com,Male,87.201.251.189
909,Anallese,Jentet,ajentetp8@skype.com,Female,247.44.244.120
910,Brody,Duchesne,bduchesnep9@fema.gov,Male,14.23.113.243
911,Ramsay,Brandino,rbrandinopa@adobe.com,Male,151.71.40.65
912,Felecia,Hyde-Chambers,fhydechamberspb@vimeo.com,Female,67.29.176.100
913,Manny,Boyford,mboyfordpc@usgs.gov,Male,181.216.16.113
914,Maison,Sales,msalespd@springer.com,Male,180.228.91.230
915,Alasteir,Tumioto,atumiotope@cornell.edu,Male,179.161.11.225
916,Clevie,Maidens,cmaidenspf@vimeo.com,Male,198.140.204.127
917,Charity,Stoller,cstollerpg@weather.com,Female,138.147.243.54
918,Randal,Karpets,rkarpetsph@smh.com.au,Male,171.148.125.192
919,Leif,Allsupp,lallsupppi@ameblo.jp,Male,13.119.113.91
920,Graham,Biermatowicz,gbiermatowiczpj@marketwatch.com,Male,126.146.9.191
921,Tomkin,Rivilis,trivilispk@weather.com,Male,137.145.128.88
922,Georgine,Dreakin,gdreakinpl@mlb.com,Female,143.121.155.220
923,Hussein,Menichi,hmenichipm@mysql.com,Male,2.182.235.115
924,Rosalynd,Dyhouse,rdyhousepn@hexun.com,Female,245.158.116.120
925,Mateo,Spino,mspinopo@mail.ru,Male,201.122.169.171
926,Bren,Wong,bwongpp@salon.com,Male,117.27.149.87
927,Tye,Surgenor,tsurgenorpq@acquirethisname.com,Male,147.228.146.245
928,Garvey,Godspeede,ggodspeedepr@wikispaces.com,Male,153.109.250.77
929,Doll,Tie,dtieps@blogspot.com,Female,167.160.213.100
930,Elias,Dorling,edorlingpt@example.com,Male,154.200.48.123
931,Thorny,Ollcott,tollcottpu@wisc.edu,Male,67.226.141.133
932,Hailee,Gale,hgalepv@washington.edu,Female,52.151.164.241
933,Welbie,Meo,wmeopw@seattletimes.com,Male,236.240.52.148
934,Dorris,Durward,ddurwardpx@theatlantic.com,Female,152.178.243.214
935,Thurston,Creegan,tcreeganpy@disqus.com,Male,92.85.251.182
936,Arne,Keld,akeldpz@paypal.com,Male,217.228.129.115
937,Hort,Pietzke,hpietzkeq0@toplist.cz,Male,131.227.137.235
938,Birdie,Aglione,baglioneq1@theatlantic.com,Female,170.15.171.240
939,Kylila,Wilkison,kwilkisonq2@paginegialle.it,Female,13.178.153.33
940,Lazaro,Acres,lacresq3@is.gd,Male,215.148.251.157
941,Earlie,Brockington,ebrockingtonq4@friendfeed.com,Male,142.142.251.69
942,Oren,Clewett,oclewettq5@nydailynews.com,Male,34.185.91.30
943,Elbert,Olliar,eolliarq6@soup.io,Male,231.249.236.148
944,Luciano,Bedinn,lbedinnq7@earthlink.net,Male,132.138.48.29
945,Andriette,Buddington,abuddingtonq8@ameblo.jp,Female,64.183.153.85
946,Danie,Smidmoor,dsmidmoorq9@cbslocal.com,Male,109.128.96.222
947,Martica,Dysert,mdysertqa@wunderground.com,Female,139.243.64.13
948,Jamesy,Le Ball,jleballqb@fotki.com,Male,106.162.106.90
949,Wally,Abbotts,wabbottsqc@wikia.com,Male,197.2.157.188
950,Elnore,Ducker,educkerqd@hostgator.com,Female,98.227.214.211
951,Ric,Matthewman,rmatthewmanqe@arstechnica.com,Male,123.174.171.0
952,Lev,Berrisford,lberrisfordqf@ucsd.edu,Male,235.8.120.254
953,Adamo,Prahl,aprahlqg@dedecms.com,Male,33.64.34.142
954,Willy,Ogan,woganqh@nationalgeographic.com,Male,84.69.82.116
955,Adria,Collin,acollinqi@soup.io,Female,25.182.223.132
956,Cleopatra,Cholmondeley,ccholmondeleyqj@cargocollective.com,Female,204.77.220.27
957,Josias,Emms,jemmsqk@uol.com.br,Male,6.97.29.142
958,Dael,Bentote,dbentoteql@senate.gov,Male,36.253.130.136
959,Edgardo,Luty,elutyqm@51.la,Male,76.71.69.25
960,Abelard,Stodit,astoditqn@dell.com,Male,60.246.4.231
961,Uta,Hearley,uhearleyqo@blinklist.com,Female,226.33.240.99
962,Carey,Randell,crandellqp@histats.com,Female,244.165.14.60
963,Jimmie,Blacket,jblacketqq@myspace.com,Male,188.205.197.169
964,Holly,Cordaroy,hcordaroyqr@canalblog.com,Male,167.27.101.63
965,Ivory,Guidelli,iguidelliqs@fastcompany.com,Female,85.180.24.74
966,Federica,Lanfare,flanfareqt@yellowbook.com,Female,145.158.140.218
967,Abra,Kapiloff,akapiloffqu@networksolutions.com,Female,171.91.244.141
968,Lyda,Grabban,lgrabbanqv@sciencedaily.com,Female,97.0.96.34
969,Manon,Boughton,mboughtonqw@ucsd.edu,Female,77.78.154.75
970,Hugh,Worsalls,hworsallsqx@blinklist.com,Male,247.7.56.166
971,Richmound,Quinton,rquintonqy@hexun.com,Male,130.26.120.75
972,Elsi,Savaage,esavaageqz@fda.gov,Female,9.200.250.243
973,Merrily,Ghidoli,mghidolir0@shinystat.com,Female,68.72.102.85
974,Joyce,Wastie,jwastier1@marriott.com,Female,36.110.30.197
975,Minnnie,Swedeland,mswedelandr2@bravesites.com,Female,49.200.106.95
976,Rodrique,Smidmor,rsmidmorr3@shinystat.com,Male,195.10.94.65
977,Gerti,Brauninger,gbrauningerr4@comsenz.com,Female,113.251.252.27
978,Shea,Crowden,scrowdenr5@shutterfly.com,Male,48.75.18.245
979,Llewellyn,Newis,lnewisr6@shutterfly.com,Male,200.228.193.249
980,Kent,Crane,kcraner7@blogger.com,Male,189.134.175.171
981,Antoine,Lewinton,alewintonr8@nhs.uk,Male,233.75.21.227
982,Kirby,Esler,keslerr9@state.gov,Female,40.160.39.111
983,Suellen,Saxton,ssaxtonra@fda.gov,Female,151.23.76.53
984,Francklyn,Lardez,flardezrb@google.com,Male,69.101.33.89
985,Wye,Mountjoy,wmountjoyrc@patch.com,Male,146.224.87.141
986,Jarad,Klausewitz,jklausewitzrd@bandcamp.com,Male,210.144.208.3
987,Andreas,Poser,aposerre@bizjournals.com,Male,250.171.30.116
988,Kelsi,Lummasana,klummasanarf@meetup.com,Female,160.79.251.136
989,Rafaello,Gooddie,rgooddierg@artisteer.com,Male,252.36.173.68
990,Lanie,Kristiansen,lkristiansenrh@businesswire.com,Male,222.61.10.198
991,Aurea,Fontell,afontellri@parallels.com,Female,57.133.203.106
992,Carleton,Ianilli,cianillirj@cpanel.net,Male,56.98.70.215
993,Verna,Saintpierre,vsaintpierrerk@engadget.com,Female,19.232.216.44
994,Morty,Licas,mlicasrl@stumbleupon.com,Male,76.228.191.98
995,Farlee,Seivwright,fseivwrightrm@youku.com,Male,177.213.185.5
996,Hadrian,Udall,hudallrn@vinaora.com,Male,213.121.78.221
997,Jake,Fumagallo,jfumagalloro@twitpic.com,Male,169.203.208.155
998,Graeme,Hounihan,ghounihanrp@msu.edu,Male,195.60.227.58
999,Cele,Oehm,coehmrq@stanford.edu,Female,91.221.186.103
1000,La verne,Stennes,lstennesrr@cbc.ca,Female,181.45.192.221
